id,title_romaji,title_english,isAdult,split
2633,The☆Doraemons: Dokidoki Kikansha Daibakusou!,The Doraemons: Dokidoki Wildcat Engine,False,train
5663,G.T.R G-cup Teacher Rei,G.T.R G-cup Teacher Rei,True,train
9341,Try Z,Try Z,True,train
9451,Sore Ike! Anpanman: Ningyo Hime no Namida,Sore Ike! Anpanman: Ningyo Hime no Namida,False,train
9507,Binetsu: Yakusoku no Toki,Binetsu: Yakusoku no Toki,True,train
112006,Sore Ike! Anpanman: Yakisobapanman to Black Sabotenman,Sore Ike! Anpanman: Yakisobapanman to Black Sabotenman,False,train
121828,Sore Ike! Anpanman: Outa to Teasobi Tanoshii ne,Sore Ike! Anpanman: Outa to Teasobi Tanoshii ne,False,train
132938,The Gregory Gallery Tour,The Gregory Gallery Tour,False,train
169890,Feifei De Hangye,Feifei De Hangye,False,train
208828,Katakana Kantan!,Katakana Kantan!,False,train
2353,Daiakuji: The Xena Buster Specials,Daiakuji: The Xena Buster Specials,True,train
2645,Dorami & Doraemons: Space Land Kiki Ippatsu!,Dorami & Doraemons: Space Land's Critical Event!,False,train
2653,Doraemon: Ganbare! Gian!!,Doraemon: Ganbare! Gian!!,False,train
2741,Monkey Turn V,Monkey Turn V,False,train
3669,Duel Masters Movie 1: Yami no Shiro no Maryuuou,Duel Masters Movie 1: Yami no Shiro no Maryuuou,False,train
4497,Kijutsushi x Majutsushi: Osaka Tanteibu no Jikenbo,Kijutsushi x Majutsushi: Osaka Tanteibu no Jikenbo,True,train
4717,Chijoku Kankin,Chijoku Kankin,True,train
5154,Kanzen Mushusei: Sorezore no Houkago,Kanzen Mushusei: Sorezore no Houkago,True,train
5547,Kateikyoushi Bishounen Kari,Kateikyoushi Bishounen Kari,True,train
5550,Fujun Isei Kouyuu: Taisetsu na Kimi e,Fujun Isei Kouyuu: Taisetsu na Kimi e,True,train
5551,Shirouto Kurabu,Shirouto Kurabu,True,train
5552,Rebiya,Rebiya,True,train
5555,Suishou no Yoru: Aoi Kokuhaku yori,Suishou no Yoru: Aoi Kokuhaku yori,True,train
5556,Moonlight Sonata,Moonlight Sonata,True,train
5557,Kugutsu Ai: Doura Gaiden,Kugutsu Ai: Doura Gaiden,True,train
5559,Nijuusou: Wana ni Ochita Onnatachi,Nijuusou: Wana ni Ochita Onnatachi,True,train
5560,Aoi Kokuhaku,Aoi Kokuhaku,True,train
5586,Aoi Yousei,Aoi Yousei,True,train
5605,CONCERTO,CONCERTO,True,train
5607,Love Machine: Animaid Shoufu 23-gou,Love Machine: Animaid Shoufu 23-gou,True,train
5608,Onna Kyoushi: Nikutai Jugyou,Onna Kyoushi: Nikutai Jugyou,True,train
5687,Doura,Doura,True,train
7154,SM no Susume,SM no Susume,True,train
7525,Kick Off 2002,Kick Off 2002,False,train
9325,Shin Seiki Cream Lemon,Shin Seiki Cream Lemon,True,train
9352,Tenshi no Habataki JUN,Tenshi no Habataki JUN,True,train
10139,21 Seiki Manga Hajimete Monogatari,21 Seiki Manga Hajimete Monogatari,False,train
10239,Mayutoro THE TOONS,Mayutoro THE TOONS,False,train
10242,Ton-Ton Atta to Niigata no Mukashi Banashi,Ton-Ton Atta to Niigata no Mukashi Banashi,False,train
10989,Stray Sheep Poe no Chicchana Daibouken,Stray Sheep Poe no Chicchana Daibouken,False,train
12551,Jisshuusei,Jisshuusei,True,train
12809,Wonder Bebil-kun,Wonder Bebil-kun,False,train
17427,Sabaku no Takara no Shiro,The Treasures of the Desert,False,train
18475,Kagayake! Yuujou no V Sign,Kagayake! Yuujou no V Sign,False,train
103176,Feng Ji Yun Nu,Feng Ji Yun Nu,False,train
108745,Akuei to Gacchinpo: Tenkomori,Akuei to Gacchinpo: Tenkomori,False,train
119764,Toki: Kono Hoshi no Mirai wo Mitsumete,Toki: Kono Hoshi no Mirai wo Mitsumete,False,train
119982,Collector,Collector,True,train
121837,Sore Ike! Anpanman: Gomira no Hoshi,Sore Ike! Anpanman: Gomira no Hoshi,False,train
129381,Baobei Nüer Hao Mama,Baobei Nüer Hao Mama,False,train
129494,Dongfang Shenwa,Dongfang Shenwa,False,train
150114,MOMONGA-MON,MOMONGA-MON,False,train
154075,Kuru Kuru Ammy,Kuru Kuru Ammy,False,train
171928,Sore Ike! Anpanman: Tsukiko to Shiratama - Tokimeki Dancing,Sore Ike! Anpanman: Tsukiko to Shiratama - Tokimeki Dancing,False,train
174124,Sore Ike! Anpanman: Yumeneko no Kuni no Nyanii,Sore Ike! Anpanman: Yumeneko no Kuni no Nyanii,False,train
177467,Klonoa Heroes: Densetsu no Star Medal,Klonoa Heroes: Densetsu no Star Medal,False,train
180821,Sushi Azarashi,Sushi Azarashi,False,train
181865,Rusuden Hour: Sodan Brothers,Rusuden Hour: Sodan Brothers,False,train
193472,Tian Jiang Xiaozi,Tian Jiang Xiaozi,False,train
200376,"Sayonara, Midori ga Ike: Tobe! Tako Glider!!","Sayonara, Midori ga Ike: Tobe! Tako Glider!!",False,train
203024,Tianshang Diao Xia Ge Zhu Bajie,Tianshang Diao Xia Ge Zhu Bajie,False,train
205618,Narara Superboard 5,Narara Superboard 5,False,train
2173,Kouchuu Ouja Mushiking Super Battle Movie: Yami no Kaizou Kouchuu,Kouchuu Ouja Mushiking Super Battle Movie: Yami no Kaizou Kouchuu,False,train
2930,Tensai? Dr. Hamax,Tensai? Dr. Hamax,False,train
3243,Elec-king The Animation,Elec-king The Animation,False,train
6518,Eiga de Toujou! Tamagotchi Doki Doki! Uchuu no Maigotchi!?,Tamagotchi: The Movie,False,train
10525,Shinseiki Duel Masters Flash,Shinseiki Duel Masters Flash,False,train
11521,Hello Kitty: Ringo no Mori no Fantasy,Hello Kitty: Ringo no Mori no Fantasy,False,train
116046,Nanami-chan 4,Nanami-chan 4,False,train
121071,Susume! Dokan-kun,Susume! Dokan-kun,False,train
121826,Sore Ike! Anpanman: Horrorman to Hora Horako,Sore Ike! Anpanman: Horrorman to Hora Horako,False,train
124449,Hong Mao Lan Tu: A Muxing,Hong Mao Lan Tu: A Muxing,False,train
129272,Shenbing Xiaojiang,Shenbing Xiaojiang,False,train
129278,Shen Chu Xiao Fugui,Shen Chu Xiao Fugui,False,train
129354,Laodai He Xiaodai,Laodai He Xiaodai,False,train
129465,Yincha's Gongfu Xueyuan,Yincha's Gongfu Xueyuan,False,train
129474,Hapi Fu Zi,Hapi Fu Zi,False,train
129867,Happy Seven: The TV Manga - Chibi Chara Moshimo Gekijou,Happy Seven: The TV Manga - Chibi Chara Moshimo Gekijou,False,train
132350,Tori GO! GO!,Tori GO! GO!,False,train
171760,Sore Ike! Anpanman: Kokin-chan to Aoi Namida,Sore Ike! Anpanman: Kokin-chan to Aoi Namida,False,train
171762,Sore Ike! Anpanman: Kokin-chan to Namida no Christmas,Sore Ike! Anpanman: Kokin-chan to Namida no Christmas,False,train
6062,Duel Masters Movie 2: Lunatic God Saga,Duel Masters Movie 2: Lunatic God Saga,False,train
6517,Eiga! Tamagotchi Uchuu Ichi Happy na Monogatari!?,Eiga! Tamagotchi Uchuu Ichi Happy na Monogatari!?,False,train
6687,Chinyuuki: Tarou to Yukai na Nakama-tachi,Chinyuuki: Tarou to Yukai na Nakama-tachi,False,train
17102,Lolling Seutajeu,Rolling Stars,False,train
18577,Noobow: Mini Theater,Noobow: Mini Theater,False,train
108057,Ganbare Memeko-chan,Ganbare Memeko-chan,False,train
116039,Sore Ike! Anpanman: Yousei Rinrin no Himitsu,Anpanman: The Secret of Fairy Rin-Rin,False,train
116048,Nanami-chan 5,Nanami-chan 5,False,train
116050,Nanami-chan 6,Nanami-chan 6,False,train
121072,Tatakae! Dokan-kun: Gekitou-kun,Tatakae! Dokan-kun: Gekitou-kun,False,train
121074,Tatakae! Dokan-kun: Robolympic-hen,Tatakae! Dokan-kun: Robolympic-hen,False,train
121840,Sore Ike! Anpanman: Hiya Hiya Hiyariko to Babu Babu Baikinman,Sore Ike! Anpanman: Hiya Hiya Hiyariko to Babu Babu Baikinman,False,train
122183,Yonimo Kimyou na Man☆Gatarou,Yonimo Kimyou na Man☆Gatarou,False,train
129214,Konglong Baobei: Longshen Yongshi,Konglong Baobei: Longshen Yongshi,False,train
129273,Shenbing Xiaojiang (Movie),Shenbing Xiaojiang (Movie),False,train
129290,Fu Wu Shu: 36 Ji,Fu Wu Shu: 36 Ji,False,train
129292,Fu Wu Shu: Sunzi Bingfa,Fu Wu Shu: Sunzi Bingfa,False,train
129365,Zhen Gongfu: Aoyun Zai Wo Jia,Zhen Gongfu: Aoyun Zai Wo Jia,False,train
129472,Taoqi Bao Ma Xiaotiao,Taoqi Bao Ma Xiaotiao,False,train
129473,Taoqi Bao Ma Xiaotiao,Taoqi Bao Ma Xiaotiao,False,train
129475,Hapi Fu Zi 2,Hapi Fu Zi 2,False,train
129476,Hapi Fa Zi: Yi Shui Jingang,Hapi Fa Zi: Yi Shui Jingang,False,train
129493,Xiaosong Dangjia,Xiaosong Dangjia,False,train
129495,Dongfang Shenwa Part 2,Dongfang Shenwa Part 2,False,train
131851,Heibai Long Lang Zhuan,Heibai Long Lang Zhuan,False,train
138945,Mizushiri Yoriko no Yorinuki Yoriko-san,Mizushiri Yoriko no Yorinuki Yoriko-san,False,train
169982,Sore Ike! Anpanman: Baikinman vs. Baikinman!?,Sore Ike! Anpanman: Baikinman vs. Baikinman!?,False,train
187510,Dianji Xiaozi,Electro Boy,False,train
202423,SPICY BOY,SPICY BOY,False,train
204530,Hei Lian Da Baogong,Hei Lian Da Baogong,False,train
8478,Doubutsu Kankyou Kaigi,Doubutsu Kankyou Kaigi,False,train
9518,Ichigo Ichie: Kimi no Kotoba,Ichigo Ichie: Kimi no Kotoba,False,train
10104,Loups=Garous Picture Drama,Loups=Garous Picture Drama,False,train
10114,Nintama Rantarou Movie: Ninjutsu Gakuen Zenin Shutsudou! no Dan,Nintama Rantarou Movie: Ninjutsu Gakuen Zenin Shutsudou! no Dan,False,train
10115,friends: Mononoke Shima no Naki,Friends: Naki of Monster Island,False,train
10116,Crayon Shin-chan: Arashi wo Yobu Ougon no Spy Daisakusen,Crayon Shin-chan: Arashi wo Yobu Ougon no Spy Daisakusen,False,train
10238,Hybrid Deka,Hybrid Deka,False,train
10633,Shiodome Cable TV,Shiodome Cable TV,False,train
10684,Sore Ike! Anpanman: Sukue! Kokorin to Kiseki no Hoshi,Sore Ike! Anpanman: Sukue! Kokorin to Kiseki no Hoshi,False,train
10685,Sore Ike! Anpanman: Utatte Teasobi! Anpanman to Mori no Takara,Sore Ike! Anpanman: Utatte Teasobi! Anpanman to Mori no Takara,False,train
10995,Ganbare!! Nattou-san,Ganbare!! Nattou-san,False,train
11569,Precure All-Stars DX the DANCE LIVE❤: Miracle Dance Stage e Youkoso,Precure All-Stars DX the DANCE LIVE❤: Miracle Dance Stage e Youkoso,False,train
13167,Zoobles!,Zoobles!,False,train
17104,Lolling Seutajeu (Movie),Rolling Stars (Movie),False,train
104467,Chao Wa Zhanshi,AniMen: Triton Force,False,train
108749,Annyeong Totobi,Annyeong Totobi,False,train
110491,Ya-Ne-Sen a Go Go,Ya-Ne-Sen a Go Go,False,train
112205,Kiritorisen,Kiritorisen,False,train
120831,Himitsukessha Taka no Tsume THE MOVIE 4: Kaspersky wo Motsu Otoko,Himitsukessha Taka no Tsume THE MOVIE 4: Kaspersky wo Motsu Otoko,False,train
121075,Tobidase! Dokan-kun,Tobidase! Dokan-kun,False,train
121835,Sore Ike! Anpanman: Hashire! Wakuwaku Anpanman Grand Prix,Sore Ike! Anpanman: Hashire! Wakuwaku Anpanman Grand Prix,False,train
126880,Sugar Bunnies Fleur OVA,Sugar Bunnies Fleur OVA,False,train
129166,Moer Zhuangyuan: Bing Shiji,Moer Zhuangyuan: Bing Shiji,False,train
129361,Kuaile Xiao Dongxi,Kuaile Xiao Dongxi,False,train
129478,Hapi Fa Zi: Chao Neng Pao Dan,Hapi Fa Zi: Chao Neng Pao Dan,False,train
129479,Hapi Fa Zi: Chao Neng Pao Dan 2,Hapi Fa Zi: Chao Neng Pao Dan 2,False,train
129480,Guobao Te Gong,Guobao Te Gong,False,train
129550,Seer Da Dianying: Xunzhao Fenghuang Shenshou,Seer Da Dianying: Xunzhao Fenghuang Shenshou,False,train
130673,LaLaLa Demacia,LaLaLa Demacia,False,train
131570,Xi Yangyang You Shibo,Pleasant Goat Touring the Expo,False,train
178147,"Yume Miru, Anime on-chan Season 2","Yume Miru, Anime on-chan Season 2",False,train
181832,Yasai no Yousei: N.Y. Salad The Movie,Yasai no Yousei: N.Y. Salad The Movie,False,train
186755,Qin Han Ying Xiong Zhuan,Qin Han Ying Xiong Zhuan,False,train
187061,Mei Houwang,Monkey King,False,train
199415,Xiayi Xiao Qingtian,Xiayi Xiao Qingtian,False,train
199416,Xi You Xin Zhuan,Xi You Xin Zhuan,False,train
206863,Nyuugaku Junbi DVD: Ren no Yume to Suteki na Christmas Present,Nyuugaku Junbi DVD: Ren no Yume to Suteki na Christmas Present,False,train
208835,METAL BLADE HIGH-SCHOOL,METAL BLADE HIGH-SCHOOL,False,train
11053,Doraemon: Nobita to Kiseki no Shima - Animal Adventure,Doraemon: Nobita to Kiseki no Shima - Animal Adventure,False,train
12499,Crayon Shin-chan: Arashi wo Yobu! Ora to Uchuu no Princess,Crayon Shin-chan: Arashi wo Yobu! Ora to Uchuu no Princess,False,train
13455,Zumomo to Nupepe,Zumomo to Nupepe,False,train
14047,Ikusa Otome Valkyrie G,Ikusa Otome Valkyrie G,True,train
15787,Backstage Idol Story,Backstage Idol Story,False,train
17113,Crayon Shin-chan: Bakauma! B-Kyuu Gourmet Survival Battle!!,Crayon Shin-chan: Bakauma! B-Kyuu Gourmet Survival Battle!!,False,train
18817,Yasai no Yousei: Quiz Gekijou,Yasai no Yousei: Quiz Gekijou,False,train
18919,The Midnight★Animal,The Midnight★Animal,False,train
18983,Yuuto-kun ga Iku,Yuuto-kun ga Iku,False,train
19169,Go! Go! Kadendanshi,Go! Go! Kadendanshi,False,train
19587,Kaiketsu Zorori: Mamoru ze! Kyouryuu no Tamago,Kaiketsu Zorori: Mamoru ze! Kyouryuu no Tamago,False,train
19629,Zecchou Rocket,Zecchou Rocket,True,train
19849,Peeping Life 5.0ch,Peeping Life 5.0ch,False,train
98133,Yakusoku,Promise,False,train
100983,Hana no Zundamaru,Hana no Zundamaru,False,train
102034,Ai,Love,False,train
104466,Chao Wa Zhanshi: Weiwu Jiaoguan,AniMen: The Galactic Battle,False,train
109002,Code Geass: Boukoku no Akito 2 - Hikisakareshi Yokuryuu Picture Drama,Code Geass: Boukoku no Akito 2 - Hikisakareshi Yokuryuu Picture Drama,False,train
114679,Tamayura: More Aggressive Picture Drama,Tamayura: More Aggressive Picture Drama,False,train
116908,Little Charo 4: Eigo de Aruku New York,Little Charo 4: New York Again,False,train
117409,Peeping Life: YouTuber-kun,Peeping Life: YouTuber-kun,False,train
118638,Jingling Meng Ye Luoli,The Guardians of Carcosa,False,train
121823,Sore Ike! Anpanman: Rhythm de Teasobi - Anpanman to Fushigi na Parasol,Sore Ike! Anpanman: Rhythm de Teasobi - Anpanman to Fushigi na Parasol,False,train
129167,Moer Zhuangyuan 2: Haiyao Baozang,Moer Zhuangyuan 2: Haiyao Baozang,False,train
129293,Fu Wu Shu: Zhanguo Fengyun,Fu Wu Shu: Zhanguo Fengyun,False,train
129301,Duo Bao Xingyun Xing 3,Duo Bao Xingyun Xing 3,False,train
129382,Baobei Nüer Hao Mama: Kuaile de Jiating,Baobei Nüer Hao Mama: Kuaile de Jiating,False,train
129383,Baobei Nüer Hao Mama: Chi Jiyi de Da Xueqiu,Baobei Nüer Hao Mama: Chi Jiyi de Da Xueqiu,False,train
129489,Guobao Te Gong 2,Guobao Te Gong 2,False,train
129551,Seer 2  Da Dianying: Leiyi Yu Maiersi,Seer 2  Da Dianying: Leiyi Yu Maiersi,False,train
129554,Seer 3  Da Dianying: Zhanshen Lianmeng,Seer 3  Da Dianying: Zhanshen Lianmeng,False,train
129584,Seer,Seer,False,train
129586,Seer 2,Seer 2,False,train
130674,LaLaLa Demacia 2,LaLaLa Demacia 2,False,train
130675,LaLaLa Demacia 3,LaLaLa Demacia 3,False,train
130745,Chao Shen Xueyuan,Chao Shen Xueyuan,False,train
131852,Tiandi Fengyun Lu: Juezhan Shike,Tiandi Fengyun Lu: Juezhan Shike,False,train
131853,Tiandi Fengyun Lu: Jiulong Bian,Tiandi Fengyun Lu: Jiulong Bian,False,train
131854,Tiandi Fengyun Lu: Jian Xing Mo Zong,Tiandi Fengyun Lu: Jian Xing Mo Zong,False,train
132512,Annyeong Jaduya Season 2,Annyeong Jaduya Season 2,False,train
139292,Shiritori Mambo,Shiritori Mambo,False,train
151281,Xiong Chumo: Guonian,Boonie Bears: Homeward Journey,False,train
183821,Otenki Pokojirou,Pokojiro's Weather Report,False,train
183822,Honnou da Zou,Passionate Elephant,False,train
185967,Choegang Top Plate,Choegang Top Plate,False,train
186753,Duo Bao Xing Yun Xing Da Dian Ying: Jin Gu Bang Chuan Qi,Duo Bao Xing Yun Xing Da Dian Ying: Jin Gu Bang Chuan Qi,False,train
193471,Dianji Xiaozi 3,Electro Boy 3,False,train
202428,Shimajirou to Korasho no Saigo no Daiundoukai Tsunage! Nakayoshi Relay,Shimajirou to Korasho no Saigo no Daiundoukai Tsunage! Nakayoshi Relay,False,train
203022,Shui Man Jinshan,Shui Man Jinshan,False,train
20795,Meshimase Lodoss-tou Senki: Sorette Oishii no?,Meshimase Lodoss-tou Senki: Sorette Oishii no?,False,train
20824,Haiyore! Nyaruko-san F,Nyaruko-san: Another Crawling Chaos F,False,train
20874,Imako System,Imako System,True,train
21047,wasimo,wasimo,False,train
21052,Super Short Comics,Super Short Comics,False,train
21478,Shinkyoku no Grimoire THE ANIMATION,Shinkyoku no Grimoire THE ANIMATION,True,train
21535,PANDRA THE ANIMATION: Shiroki Yokubou Kuro no Kibou,"PANDRA THE ANIMATION White Lust, Black Hope",True,train
21618,Furueru Kuchibiru: fuzzy lips 0,Furueru Kuchibiru: fuzzy lips 0,True,train
21724,Panpaka Pants O-NEW!,Panpaka Pants O-New!,False,train
21883,X Maiden: Izakaya Tamaki,X Maiden: Izakaya Tamaki,False,train
98893,Spo-chan Taiketsu: Youkai Daikessen,Spo-chan Taiketsu: Youkai Daikessen,False,train
100291,Doraemon: Nobita no Space Heroes,Doraemon: Nobita no Space Heroes,False,train
102985,Gui Bao: Baoxiao Chuang Yuzhou,Kwai Boo,False,train
105049,GO-GO Tamagotchi!,GO-GO Tamagotchi!,False,train
108993,Astareul Hyanghae Chaguchagu,Astareul Hyanghae Chaguchagu,False,train
108994,Baby Gamba,Baby Gamba,False,train
109003,Code Geass: Boukoku no Akito 3 - Kagayakumono Ten Yori Otsu Picture Drama,Code Geass: Boukoku no Akito 3 - Kagayakumono Ten Yori Otsu Picture Drama,False,train
109004,Code Geass: Boukoku no Akito 4 - Nikushimi no Kioku Kara Picture Drama,Code Geass: Boukoku no Akito 4 - Nikushimi no Kioku Kara Picture Drama,False,train
109939,Qin Shi Mingyue: Kong Shan Niao Yu,Qin Shi Mingyue: Kong Shan Niao Yu,False,train
115406,Kikyou,Kikyou,False,train
115764,Panpaka Pants Movie: Bananan Oukoku no Hihou,Panpaka Pants Movie: Bananan Oukoku no Hihou,False,train
116160,Yuuto-kun ga Iku Movie,Yuuto-kun ga Iku Movie,False,train
117284,Himitsukessha Taka no Tsume EX,Himitsukessha Taka no Tsume EX,False,train
117285,Himitsukessha Taka no Tsume DO,Himitsukessha Taka no Tsume DO,False,train
119399,Na Nian Na Tu Naxie Shir 1,Na Nian Na Tu Naxie Shir 1,False,train
119400,Na Nian Na Tu Naxie Shir 2,Na Nian Na Tu Naxie Shir 2,False,train
119795,Mori no Ongaku-dan,Mori no Ongaku-dan,False,train
121081,Kana Kana Kazoku x Himitsukessha Taka no Tsume Collaboration Film,Kana Kana Kazoku x Himitsukessha Taka no Tsume Collaboration Film,False,train
121717,Ohayou Hakushon Daimaou,Ohayou Hakushon Daimaou,False,train
125271,GON 2nd Season,GON 2nd Season,False,train
127115,Funassyi to Yukaina Kyoudai,Funassyi to Yukaina Kyoudai,False,train
129168,Moer Zhuangyuan 3: Mohuan Lieche Da Maoxian,Moer Zhuangyuan 3: Mohuan Lieche Da Maoxian,False,train
129297,Q-ban Sanguo: San Xiao Qiang (Movie),Q-ban Sanguo: San Xiao Qiang (Movie),False,train
129490,Guobao Te Gong 3,Guobao Te Gong 3,False,train
129556,Seer 4  Da Dianying: Sheng Mo Zhi Shan,Seer 4  Da Dianying: Sheng Mo Zhi Shan,False,train
129561,Seer 5  Da Dianying: Leishen Jueqi,Seer 5  Da Dianying: Leishen Jueqi,False,train
129587,Seer 3,Seer 3,False,train
129592,Seer 4,Seer 4,False,train
129593,Seer 5,Seer 5,False,train
129656,Meishi Da Maoxian,Meishi Da Maoxian,False,train
129657,Meishi Da Maoxian 2,Meishi Da Maoxian 2,False,train
129729,Yuan Ri,Yuan Ri,False,train
129771,Bu Keneng Lianai?,Bu Keneng Lianai?,False,train
129873,Hong Lingjin Yu Wang Xiaoming,Hong Lingjin Yu Wang Xiaoming,False,train
130759,Chao Shen Xueyuan 2,Chao Shen Xueyuan 2,False,train
130761,Chao Shen Xueyuan 3: Shen Yu Shen,Chao Shen Xueyuan 3: Shen Yu Shen,False,train
131642,Shimajirou to Ookinaki,Shimajirou to Ookinaki,False,train
131855,Tiandi Fengyun Lu: Mo Lu Xuezhan,Tiandi Fengyun Lu: Mo Lu Xuezhan,False,train
131857,Jin Guang Yu Jiu Jie: Mo Wuxia Feng,Jin Guang Yu Jiu Jie: Mo Wuxia Feng,False,train
131859,Jin Guang Yu Jiu Jie: Mo Shi Fu Jie,Jin Guang Yu Jiu Jie: Mo Shi Fu Jie,False,train
131860,Jin Guang Yu Jiu Jie: Mo Xie Lu,Jin Guang Yu Jiu Jie: Mo Xie Lu,False,train
132346,Gwahak Masuldan,Gwahak Masuldan,False,train
132513,Annyeong Jaduya 3 Special,Annyeong Jaduya 3 Special,False,train
140140,AK Mofa Shaonü,AK Mofa Shaonü,False,train
141310,Wo De Pengyou Zhu Dick,Wo De Pengyou Zhu Dick,False,train
142517,Kobitos,Kobitos,False,train
154169,Batou Shoujo #2,Batou Shoujo #2,False,train
166035,Overlord: Ple Ple Pleiades Tokubetsu-hen,Overlord: Ple Ple Pleiades Tokubetsu-hen,False,train
174844,Sore Ike! Anpanman: Mija to Mahou no Lamp,Sore Ike! Anpanman: Mija to Mahou no Lamp,False,train
176874,Sore Ike! Anpanman: Tanoshiku Teasobi Mama ni Natta Kokin-chan!?,Sore Ike! Anpanman: Tanoshiku Teasobi Mama ni Natta Kokin-chan!?,False,train
176875,Sore Ike! Anpanman: Rhythm de Utaou! Anpanman Natsumatsuri,Sore Ike! Anpanman: Rhythm de Utaou! Anpanman Natsumatsuri,False,train
181642,Tamagotchi! Tama Tomo Daishuu Go,Tamagotchi! Tama Tomo Daishuu Go,False,train
186754,Duo Bao Xing Yun Xing Da Dian Ying: Jin Gu Bang Chuan Qi 2 - Sha Seng De Ni Xi,Duo Bao Xing Yun Xing Da Dian Ying: Jin Gu Bang Chuan Qi 2 - Sha Seng De Ni Xi,False,train
188815,Choegangjeonsa Mini Teukgongdae: Saeroun Akdangui Seupgyeok,Choegangjeonsa Mini Teukgongdae: Saeroun Akdangui Seupgyeok,False,train
200377,Xuccess Heaven,Xuccess Heaven,False,train
204622,Jiu Cang Miao Wo,Jiu Cang Miao Wo,False,train
21725,Panpaka Pants W-O NEW!,Panpaka Pants W-O New!,False,train
21768,Osiris no Tenbin 2,Osiris no Tenbin 2,False,train
97906,Chou Do M na Hentai Mesu-tachi Otokoton Choukyou Itashimasu!,Chou Do M na Hentai Mesu-tachi Otokoton Choukyou Itashimasu!,True,train
97916,Mutsugo to Ouma no Monogatari,Mutsugo to Ouma no Monogatari,False,train
101907,Zhanguo FAN,Zhanguo FAN,False,train
102101,Master of Torque 3,Master of Torque 3,False,train
102102,Master of Torque Epilogue,Master of Torque Epilogue,False,train
103334,CMFU Xueyuan: Wangzi Peng Peng Qiu,CMFU College - Prince Touch Ball,False,train
104364,Nüsheng Sushe Richang,Nüsheng Sushe Richang,False,train
109005,Code Geass: Boukoku no Akito Saishuushou - Itoshiki Mono-tachi e Picture Drama,Code Geass: Boukoku no Akito Saishuushou - Itoshiki Mono-tachi e Picture Drama,False,train
109871,Turning Mecard W,Turning Mecard W,False,train
112470,Kidou Senshi Gundam-san: Hiyoko days - Suisei Hiyoko to Fushigi na Ofuda,Kidou Senshi Gundam-san: Hiyoko days - Suisei Hiyoko to Fushigi na Ofuda,False,train
113330,PePePePengiin,PePePePengiin,False,train
116150,Jewelpet: Attack Chance!?,Jewelpet: Attack Chance!?,False,train
117286,Himitsukessha Taka no Tsume GT,Himitsukessha Taka no Tsume GT,False,train
117287,Taka no Tsume 8: Yoshida-kun no Batten File,Taka no Tsume 8: Yoshida-kun no Batten File,False,train
119401,Na Nian Na Tu Naxie Shir 3,Na Nian Na Tu Naxie Shir 3,False,train
121475,San Jian Hao: Banmian Ren,San Jian Hao: Banmian Ren,False,train
123139,Xin Hulu Xiongdi,Xin Hulu Xiongdi,False,train
126179,Ippou Nippon Mukashibanash,Ippou Nippon Mukashibanash,False,train
129219,Tai Yi Xian Mo Lu: Ling Fei Ji,Tai Yi Xian Mo Lu: Ling Fei Ji,False,train
129492,Guobao Te Gong: Shuigou Da Taowang,Guobao Te Gong: Shuigou Da Taowang,False,train
129596,Seer 7,Seer 7,False,train
129730,Xiangsi,Xiangsi,False,train
130762,Chao Shen Xueyuan: Zhi Hei Jia,Chao Shen Xueyuan: Zhi Hei Jia,False,train
131641,Shimajirou to Ehon no Kuni,Shimajirou to Ehon no Kuni,False,train
131753,Zhiqu Yang Xuetang: Dong Zhi Wu Pian,Pleasant Goat Fun Class: Animals & Plants,False,train
131754,Zhiqu Yang Xuetang: Yundong Pian,Pleasant Goat Fun Class: Sports are Fun,False,train
131765,Xi Yangyang Yu Hui Tailang: Man Jing Tou,Xi Yangyang Yu Hui Tailang: Man Jing Tou,False,train
131883,Jin Guang Yu Jiu Jie: Dong Huang Zhan Ying,Jin Guang Yu Jiu Jie: Dong Huang Zhan Ying,False,train
132347,Maeumuisori,Maeumuisori,False,train
135460,Oniku Daisuki! Zeushi-kun (3-ki): Suteki na Hamburger,Oniku Daisuki! Zeushi-kun (3-ki): Suteki na Hamburger,False,train
139727,Congming De Shunliu,Congming De Shunliu,False,train
141311,Zhu Dick: Guguai Dao Da Maoxian Ⅰ,Zhu Dick: Guguai Dao Da Maoxian Ⅰ,False,train
150580,Yichan Xiao Heshang,Yichan Xiao Heshang,False,train
169933,Yiqi Lai Kan Liuxing Yu,Yiqi Lai Kan Liuxing Yu,False,train
174843,Sore Ike! Anpanman: Omocha no Hoshi no Nanda to Runda,Anpanman: Nanda and Runda from the Star of Toys,False,train
176877,Uchuu Neko: Mardock no Bouken,Uchuu Neko: Mardock no Bouken,False,train
188816,Choegangjeonsa Mini Teukgongdae: Yeongungui Tansaeng,Mini Force: New Heroes Rise,False,train
99582,Guru Guru Puchi Anime Gekijou,Guru Guru Puchi Anime Gekijou,False,train
99884,Arad: Suming Zhi Men,Arad: Suming Zhi Men,False,train
102002,Xiong Bing Lian,Xiong Bing Lian,False,train
102055,Mu Wang Zhi Wang: Han Tie Dou,Mu Wang Zhi Wang: Han Tie Dou,False,train
102057,Mu Wang Zhi Wang: Xuan Guan Si,Mu Wang Zhi Wang: Xuan Guan Si,False,train
103333,CMFU Xueyuan: Shenshi Ji Jijian,CMFU Xueyuan: Shenshi Ji Jijian,False,train
103691,Tian Yu,Tian Yu,False,train
109151,Xiagu Zhong An Zu,Xiagu Zhong An Zu,False,train
110404,Di Ling Qu,Di Ling Qu,False,train
110638,Oshiri Tantei: Puputto Fumutto Kaiketsu Dance,Oshiri Tantei: Puputto Fumutto Kaiketsu Dance,False,train
111227,Shimajirou to Niji no Oasis,Shimajirou to Niji no Oasis,False,train
114420,Catchy-kun no Nice Catch!,Catchy-kun no Nice Catch!,False,train
115191,Yura Yura Suizokukan,Yura Yura Suizokukan,False,train
115763,"Panpaka Pantsu Matsuri Movie: Purin Ara, Domo","Panpaka Pantsu Matsuri Movie: Purin Ara, Domo",False,train
119458,Na Nian Na Tu Naxie Shir 4,Na Nian Na Tu Naxie Shir 4,False,train
121224,Nüsheng Sushe Richang Extras,Nüsheng Sushe Richang Extras,False,train
121527,Bingxiang Li De Qie,Bingxiang Li De Qie,False,train
128977,Turning Mecard W Season 2,Turning Mecard W Season 2,False,train
129220,Tai Yi Xian Mo Lu: Ling Fei Ji 2,Tai Yi Xian Mo Lu: Ling Fei Ji 2,False,train
129491,Guobao Te Gong 4,Guobao Te Gong 4,False,train
129597,Seer 8,Seer 8,False,train
129658,Meishi Da Maoxian 3,Meishi Da Maoxian 3,False,train
129731,Youzi Yin,Youzi Yin,False,train
129732,Yin Hu Shang Chu Qing Hou Yu,Yin Hu Shang Chu Qing Hou Yu,False,train
131766,Jiaren Jiu Jia Hui Tailang,"Mr. Wolffy, Mr. Right!",False,train
131776,Zhiqu Yang Xuetang: Diqiu Jianianhua,Pleasant Goat Fun Class: The Earth Carnival,False,train
131777,Zhiqu Yang Xuetang: Yangyang You Shijie,Pleasant Goat Fun Class: Travel Around the World,False,train
131884,Jin Guang Yu Jiu Jie: Xu Yao Ji,Jin Guang Yu Jiu Jie: Xu Yao Ji,False,train
131886,Jin Guang Yu Jiu Jie: Gui Tu Qi Xing Lu,Jin Guang Yu Jiu Jie: Gui Tu Qi Xing Lu,False,train
132517,Annyeong Jaduya: Seoyugi - Eojjeoda Yeongwoong,Annyeong Jaduya: Seoyugi - Eojjeoda Yeongwoong,False,train
135587,Thunderbolt Fantasy: Touriken Yuuki × Touken Ranbu -ONLINE-,Thunderbolt Fantasy: Touriken Yuuki × Touken Ranbu -ONLINE-,False,train
139729,Congming De Shunliu: Reshu Renwu,Congming De Shunliu: Reshu Renwu,False,train
141312,Zhu Dick: Guguai Dao Da Maoxian Ⅱ,Zhu Dick: Guguai Dao Da Maoxian Ⅱ,False,train
155247,Tiantian Chengzhang Ji,Tiantian Chengzhang Ji,False,train
155249,Tiantian Chengzhang Ji 2,Tiantian Chengzhang Ji 2,False,train
171444,Mirai Koushi Harima SACLA NEX RAY,Mirai Koushi Harima SACLA NEX RAY,False,train
177442,Dragon Ball Z: The Real 4-D at Super Tenkaichi Budokai,Dragon Ball Z: The Real 4-D at Super Tenkaichi Budokai,False,train
180851,Kuma no Gakkou: Patissier Jackie to Ohisama no Sweets,Kuma no Gakkou: Patissier Jackie to Ohisama no Sweets,False,train
188037,"Oshiri Tantei: ""Mina to Machi no Tuk-tuk Chase""",Butt Detective “Auto Rickshaw Chase in Port Town”,False,train
188810,Power Battle Watch Car: Watch Gamyeon-ui Yeokseup,Power Battle Watch Car: Return of the Watch Mask,False,train
100654,Tomica Hyper Rescue Drive Head Kidou Kyuukyuu Keisatsu (ONA),Tomica Hyper Rescue Drive Head Kidou Kyuukyuu Keisatsu (ONA),False,train
101425,Duel Masters!,Duel Masters!,False,train
102003,Huan Jie Wang,Huan Jie Wang,False,train
103007,Guan Hai Ce,Watch the Sea Strategy,False,train
103008,Dou Hun Wei Zhi Xuan Yue Qi Yuan,Dou Hun Wei Zhi Xuan Yue Qi Yuan,False,train
106496,Meng Ta: Xue Mi Cheng,Dream Tower,False,train
107909,Si Hai Jing Qi,Si Hai Jing Qi,False,train
109194,0 Hao Sushe,0 Hao Sushe,False,train
109276,Haru ni Ochite,Haru ni Ochite,False,train
110330,Tales of the Rays Gekijou,Tales of the Rays Gekijou,False,train
115824,Bai Gui Youeryuan,Bai Gui Youeryuan,False,train
115902,Ruguo Lishi Shi Yi Qun Miao,Ruguo Lishi Shi Yi Qun Miao,False,train
116784,Go-chan.: Moko to Koori no Ue no Yakusoku,Go-chan.: Moko to Koori no Ue no Yakusoku,False,train
120230,Moshi Juexing: Ruqin,Moshi Juexing: Ruqin,False,train
121186,Jiyi U-Pan,Jiyi U-Pan,False,train
121232,Wangzhe Wai Zhuan,Wangzhe Wai Zhuan,False,train
121384,Zhandou Wang: Jufeng Zhan Hun 5,Zhandou Wang: Jufeng Zhan Hun 5,False,train
129223,Hua Jianghu: Xia Lan,Hua Jianghu: Xia Lan,False,train
129274,Shenbing Xiaojiang 2,Shenbing Xiaojiang 2,False,train
129565,Seer 6  Da Dianying: Shengzhe Wudi,Seer 6  Da Dianying: Shengzhe Wudi,False,train
129598,Seer 9,Seer 9,False,train
129659,Meishi Da Maoxian: Yingxiong Hui,Meishi Da Maoxian: Yingxiong Hui,False,train
129661,Koushui Liang Shan,Koushui Liang Shan,False,train
129671,Nami Xueyuan,Nami Xueyuan,False,train
129733,Ye Si,Ye Si,False,train
131223,Shenmi Shijie Lixian Ji 4,Shenmi Shijie Lixian Ji 4,False,train
131778,Zhiqu Yang Xuetang: Qihuan Chengyu Shu,Pleasant Goat Fun Class: Idiom World,False,train
131779,Zhiqu Yang Xuetang: Yangyang Lai Yunbao,Pleasant Goat Fun Class: Finding Treasures,False,train
131890,Jin Guang Yu Jiu Jie: Qi Shen Lu,Jin Guang Yu Jiu Jie: Qi Shen Lu,False,train
131925,Shimajirou: Mahou no Shima no Daibouken,Shimajirou: Mahou no Shima no Daibouken,False,train
136164,Xian Hun Hou Chong Xiao Jiao Qi,Xian Hun Hou Chong Xiao Jiao Qi,False,train
158567,Voidoll irregular,Voidoll irregular,False,train
166043,Medama Oyaji no April Fools',Medama Oyaji no April Fools',False,train
188817,Mini Teukgongdae X,Mini Force X,False,train
188820,Geukjangpan Mini Teukgongdae X,Mini Force X Movie,False,train
101369,PEACE MAKER Kurogane: Yuumei,Peacemaker Kurogane: Friend,False,val
104289,Aigan Kaijuu,Aigan Kaijuu,False,val
108988,Hua Jianghu: Buliang Ren 3,Hua Jianghu: Buliang Ren 3,False,val
110272,Dou Hun Wei Zhi Xuan Yue Qi Yuan 2,Dou Hun Wei Zhi Xuan Yue Qi Yuan 2,False,val
116995,Xiagu Zhong An Zu 3rd Season,Xiagu Zhong An Zu 3rd Season,False,val
117001,Wo Jia Da Shixiong Naozi You Keng Specials,Wo Jia Da Shixiong Naozi You Keng Specials,False,val
129633,Zhandou Ba Geji! 0,Zhandou Ba Geji! 0,False,val
129634,Zhandou Ba Geji! 1,Zhandou Ba Geji! 1,False,val
129653,Ba Xian,Ba Xian,False,val
104160,Yi Ren Zhi Xia: Tianshi Xia Shan,Yi Ren Zhi Xia: Tianshi Xia Shan,False,val
104200,Poputepipikku TV Special,POP TEAM EPIC TV SPECIAL,False,val
104291,Majimoji Rurumo: Kanketsu-hen,Magimoji Rurumo OAD,False,val
104922,Dou Po Cangqiong 3,Fights Break Sphere S3,False,val
104979,Iya na Kao sare nagara Opantsu Misete Moraitai 2,Show Me Your Panties While You Give Me That Disgusted Look! 2,False,val
107857,Captain Bal,Captain Bal,False,val
107858,Chuck Shimezou,Zip! Shimezo,False,val
107859,Hello WeGo!,Hello WeGo!,False,val
107860,Tatakae! Space Attendant Aoi,Tatakae! Space Attendant Aoi,False,val
109009,Wan Jie Shenzhu,Wan Jie Shenzhu,False,val
109413,Wan Jie Xian Zong 2,Wan Jie Xian Zong 2,False,val
109483,Benghuai Xinghe,Benghuai Xinghe,False,val
109484,Dou Po Cangqiong Specials 2: Sha Zhi Lan Ge,Dou Po Cangqiong Specials 2: Sha Zhi Lan Ge,False,val
109800,Qin Shi Mingyue: Tian Xing Jiu Ge 2,Qin Shi Mingyue: Tian Xing Jiu Ge 2,False,val
109931,Crayon Shin-chan: Shinkon Ryokou Hurricane - Ushinawareta Hiroshi,Crayon Shin-chan: Shinkon Ryokou Hurricane - Ushinawareta Hiroshi,False,val
110124,Business Fish,Business Fish,False,val
110264,Jueming Xiangying,Jueming Xiangying,False,val
110273,Dou Hun Wei Zhi Xuan Yue Qi Yuan 3,Dou Hun Wei Zhi Xuan Yue Qi Yuan 3,False,val
110313,Koi no Koi ni Yoru Koi no Tame no Koi,Love of Love by Love for Love,False,val
110451,Mr. Shadow,Mr. Shadow,False,val
111028,Qing Chi Hong Xiaodou Ba! Wai Zhuan: Mo Xiang Wang,Qing Chi Hong Xiaodou Ba! Wai Zhuan: Mo Xiang Wang,False,val
112034,Zenonzard: THE ANIMATION - Episode 0,Zenonzard: THE ANIMATION - Episode 0,False,val
113242,Duel Masters!!,Duel Masters!!,False,val
113419,Wan Jie Xian Zong 3,Wan Jie Xian Zong 3,False,val
113654,Bakutsuri Hunters,Bakutsuri Hunters,False,val
113655,Shiohi Girls Vongole Bianco,Shiohi Girls Vongole Bianco,False,val
113993,Kawauso Labo,Kawauso Labo,False,val
114111,Wangu Xian Qiong 3,Wangu Xian Qiong 3,False,val
114234,Egg Car,Egg Car,False,val
114559,Si Hai Jing Qi 2,Si Hai Jing Qi 2,False,val
115499,otogi theater,otogi theater,False,val
115825,Bai Gui Youeryuan 2,Bai Gui Youeryuan 2,False,val
115861,Fei Meng Shaonü,Fei Meng Shaonü,False,val
115903,Ruguo Lishi Shi Yi Qun Miao 2,Ruguo Lishi Shi Yi Qun Miao 2,False,val
115904,Ruguo Lishi Shi Yi Qun Miao 3,Ruguo Lishi Shi Yi Qun Miao 3,False,val
116222,Ninja Box 2nd Season,Ninja Box 2nd Season,False,val
116225,Oshiri Tantei: Curry Naru Jiken ,Oshiri Tantei: Curry Naru Jiken ,False,val
116790,Neko Neko Nihonshi 4th Season,Neko Neko Nihonshi 4th Season,False,val
116801,Shimajirou to Ururu no Hero Land,Shimajirou to Ururu no Hero Land,False,val
116996,Xiagu Zhong An Zu 4th Season,Xiagu Zhong An Zu 4th Season,False,val
116997,Menghuan Shuyuan,Menghuan Shuyuan,False,val
116998,Menghuan Shuyuan 2,Menghuan Shuyuan 2,False,val
119459,Na Nian Na Tu Naxie Shir 5,Na Nian Na Tu Naxie Shir 5,False,val
119945,Shu Ling Ji,Shu Ling Ji,False,val
120231,Moshi Juexing: Ruqin Part 2,Moshi Juexing: Ruqin Part 2,False,val
120492,Huang Dou Jun Tebie Ban: Wang Bu Liao,Huang Dou Jun Tebie Ban: Wang Bu Liao,False,val
121218,Chuanyue Huoxian: Youling Jihua,Chuanyue Huoxian: Youling Jihua,False,val
121388,Zhandou Wang: Jufeng Zhan Hun 5 - Heit Fan Wai Pian,Zhandou Wang: Jufeng Zhan Hun 5 - Heit Fan Wai Pian,False,val
122980,Underdog,Underdog,False,val
124344,Xian Jian Qi Xia Zhuan: Huan Li Jing,Xian Jian Qi Xia Zhuan: Huan Li Jing,False,val
126760,Gudetama Tango,Gudetama Tango,False,val
126761,Gudetama Theme Song,Gudetama Theme Song,False,val
126762,Gudetama Put Your Hands Up,Gudetama Put Your Hands Up,False,val
128738,Zannen na Ikimono Jiten (2019),Zannen na Ikimono Jiten (2019),False,val
129221,Tai Yi Xian Mo Lu: Ling Fei Ji 3,Tai Yi Xian Mo Lu: Ling Fei Ji 3,False,val
129544,Toutiao Dou Shi Ta,Toutiao Dou Shi Ta,False,val
129545,Jingjing Lai Ledao,Jingjing Lai Ledao,False,val
129546,Jingjing Lai Ledao 2,Jingjing Lai Ledao 2,False,val
129547,AOTU Xueyuan,AOTU Xueyuan,False,val
129568,Seer 7  Da Dianying: Fengkuang Jiqi Cheng,Seer 7  Da Dianying: Fengkuang Jiqi Cheng,False,val
129599,Seer 10,Seer 10,False,val
129631,Jianghai Yu Tong: Ju Gui Qi Yuan,Jianghai Yu Tong: Ju Gui Qi Yuan,False,val
129635,Zhandou Ba Geji! 2,Zhandou Ba Geji! 2,False,val
129649,Xiong Bing Lian 2: Zhu Tian Jianglin,Xiong Bing Lian 2: Zhu Tian Jianglin,False,val
129688,Benghuai 3: Bronya,Honkai Impact 3rd - Bronya,False,val
129735,Yisheng Zhiai,Yisheng Zhiai,False,val
130873,Sanguo Yanyi 2: Zhulu Zhongyuan,Sanguo Yanyi 2: Zhulu Zhongyuan,False,val
131010,Ashuai,Ashuai,False,val
131011,Ashuai 2,Ashuai 2,False,val
131458,wasimo 7,wasimo 7,False,val
131666,D5 Xiaodui,D5 Xiaodui,False,val
131741,Eily wa Ou-sama!,Eily wa Ou-sama!,False,val
131892,Jin Guang Yu Jiu Jie: Zhanxue Tiandao,Jin Guang Yu Jiu Jie: Zhanxue Tiandao,False,val
135536,Pucca 3 Part 2,Pucca 3 Part 2,False,val
152486,Di Ling Qu: Loulan Wanjie Pian,Di Ling Qu: Loulan Wanjie Pian,False,val
152487,Di Ling Qu: Nanjiang Miwu,Di Ling Qu: Nanjiang Miwu,False,val
154174,Hawk no Onayami Soudanshitsu,Hawk no Onayami Soudanshitsu,False,val
169685,Ochibi-san Tanpen Movie,Ochibi-san Tanpen Movie,False,val
188821,Mini Teukgongdae: Super Gongnyong Power,Miniforce: Super Dino Power,False,val
206855,Sinbi Apartment: Haneuldokkaebi Dae Yoleumungandeu,The Haunted House: The Sky Ghost VS Jormungandr,False,val
111312,Crayon Shin-chan: Gekitotsu! Rakugaki Kingdom to Hobo Yonin no Yuusha,Crayon Shin-chan: Gekitotsu! Rakugaki Kingdom to Hobo Yonin no Yuusha,False,val
112612,Precure Miracle Leap: Minna to no Fushigi na Ichinichi,Precure Miracle Leap: Minna to no Fushigi na Ichinichi,False,val
113463,Hulaing Babies☆Petit,Hulaing Babies☆Petit,False,val
113669,Doraemon: Nobita no Shin Kyoryuu,Doraemon: Nobita no Shin Kyoryuu,False,val
114442,Tenchi Muyou! Ryououki Dai 5-ki,Tenchi Muyo! Ryo-Ohki Season 5,False,val
114558,Qing Chi Hong Xiaodou Ba! 3,Qing Chi Hong Xiaodou Ba! 3,False,val
114562,Xue Ying Lingzhu: Qiyu Pian,Xue Ying Lingzhu: Qiyu Pian,False,val
115830,An Jie Shen Shi,An Jie Shen Shi,False,val
115835,Wu Sheng Guan Gong,Wu Sheng Guan Gong,False,val
115836,Wo Wei Ge Kuang: Xuanlu Chongqi,Music Up: Reborn,False,val
115905,Ruguo Lishi Shi Yi Qun Miao 4,Ruguo Lishi Shi Yi Qun Miao 4,False,val
116224,Oshiri Tantei: Tentou Mushi Iseki no Nazo,Oshiri Tantei: Tentou Mushi Iseki no Nazo,False,val
116791,Neko Neko Nihonshi 5th Season,Neko Neko Nihonshi 5th Season,False,val
116793,Motto! Majime ni Fumajime Kaiketsu Zorori,Motto! Majime ni Fumajime Kaiketsu Zorori,False,val
116962,Monster Strike THE MOVIE: Lucifer - Zetsubou no Yoake,Monster Strike the Movie: Lucifer Dawn of Despair,False,val
116964,Yao Shen Ji: Hei Yu Pian,Yao Shen Ji: Hei Yu Pian,False,val
116965,Wangu Xian Qiong 4,Wangu Xian Qiong 4,False,val
116999,Menghuan Shuyuan 3,Menghuan Shuyuan 3,False,val
117000,Guan Hai Ce 2nd Season,Guan Hai Ce 2nd Season,False,val
117280,Ooya-san to Boku,Ooya-san to Boku,False,val
118630,Duel Masters King,Duel Masters King,False,val
119342,Gakitabi!: Seishun Oshiro-hen,Gakitabi!: Seishun Oshiro-hen,False,val
119923,Qing Chi Hong Xiaodou Ba! 4,Qing Chi Hong Xiaodou Ba! 4,False,val
119924,Wu Shang Shen Di,Wu Shang Shen Di,False,val
119925,Dou Hun Wei Zhi Xuan Yue Qi Yuan 4,Dou Hun Wei Zhi Xuan Yue Qi Yuan 4,False,val
119927,Dubu Xiaoyao,Dubu Xiaoyao,False,val
120126,Lie Yang Tiandao,Lie Yang Tiandao,False,val
120203,Wo Shi Da Shenxian,Wo Shi Da Shenxian,False,val
120272,Ling Jian Zun 4,Ling Jian Zun 4,False,val
120301,Xian Feng Jian Yu Lu,Xian Feng Jian Yu Lu,False,val
120326,Fengyu Lang Qiao,Fengyu Lang Qiao,False,val
120485,Dai Luan - Zhou Enlai Tongnian Dushu de Gushi,Dai Luan - Zhou Enlai Tongnian Dushu de Gushi,False,val
120486,Liu Yi Chuanqi,Liu Yi Chuanqi,False,val
120521,Sansan De Ezuoju Chufang,Sansan De Ezuoju Chufang,False,val
120522,Mengyou Dunhuang,Mengyou Dunhuang,False,val
121392,Xiao Cangshu Didi de  Chibo Richang,Xiao Cangshu Didi de  Chibo Richang,False,val
121856,Xi Xing Ji: Zaijian Wu Kong,Xi Xing Ji: Zaijian Wu Kong,False,val
122689,Wan Jie Xian Zong 4,Wan Jie Xian Zong 4,False,val
122691,Moshi Juexing: Suyuan,Moshi Juexing: Suyuan,False,val
123198,Xin Yu Gong Yu Shan,Xin Yu Gong Yu Shan,False,val
123379,Jian Wang 3: Xia Gan Yi Dan Shen Jianxin - Chang Piao,Jian Wang 3: Xia Gan Yi Dan Shen Jianxin - Chang Piao,False,val
123417,Xiang Shi Chuanshuo,Xiang Shi Chuanshuo,False,val
123885,Rebirth: Virtual to no Souguu,Rebirth: Virtual to no Souguu,False,val
124339,Fatchi Baike,Fatchi Baike,False,val
124340,Su Shen Xiaoren,My Little Invisible Being,False,val
125153,Himitsukessha Taka no Tsume: Golden Spell,Eagle Talon: Golden Spell,False,val
126166,Wasurenai yo ni,Wasurenai yo ni,False,val
127180,Lengxue Kuang Yan,Lengxue Kuang Yan,False,val
127977,Anime Kaisha de Hanasu Koto ka yo,Anime Kaisha de Hanasu Koto ka yo,False,val
128541,Jiu Ye Shen Zhuan,Legend of Nine Nights,False,val
129227,Renwu Dashi,Renwu Dashi,False,val
129466,Xiurong Zhen,Xiurong Zhen,False,val
129548,AOTU Xueyuan 2,AOTU Xueyuan 2,False,val
131008,Chunqiu Feng Shen: Luanshi Chang Ge,Chunqiu Feng Shen: Luanshi Chang Ge,False,val
131014,Ashuai 3,Ashuai 3,False,val
131459,wasimo 8,wasimo 8,False,val
131660,Dou Jiang Meng Ya de Shui Qian Xiao Gushi,Dou Jiang Meng Ya de Shui Qian Xiao Gushi,False,val
132345,Amhaengeosa Byeol☆Ko,Amhaengeosa Byeol☆Ko,False,val
132348,Maeumuisori Season 2,Maeumuisori Season 2,False,val
136546,Balala Xiao Moxian: Mofa Hai Ying Bao 2,Balala Xiao Moxian: Mofa Hai Ying Bao 2,False,val
137803,Renzhe Bixu Si: Yue Hu Zhi Zhan,Renzhe Bixu Si: Yue Hu Zhi Zhan,False,val
139726,Shibing Shunliu: Bing Wang Zhengfeng,Shibing Shunliu: Bing Wang Zhengfeng,False,val
149039,Ooya-san to Boku 2,Ooya-san to Boku 2,False,val
149074,Asi Yu Xiao Liangdang,Asi Yu Xiao Liangdang,False,val
149345,Gon De Hanta: Tata Turan Xiangdao,Gon De Hanta: Tata Turan Xiangdao,False,val
153521,Gu Xiong: Huo Qi,Gu Xiong: Huo Qi,False,val
154156,Feng Huan Chao,Back to the Palace,False,val
155918,Yichang Shengwu Jianwen Lu Special,Yichang Shengwu Jianwen Lu Special,False,val
157172,Munou na Nana Mini Anime: Yaminabe Party,Munou na Nana Mini Anime: Yaminabe Party,False,val
162800,"Kanojo, Okarishimasu: Date Movie","Kanojo, Okarishimasu: Date Movie",False,val
163696,Dongwu Tegong Ju,Spycies,False,val
169772,Matatabi Movie Labo,Matatabi Movie Labo,False,val
177466,Gyakusou Shoujo,Gyakusou Shoujo,False,val
188823,Mini Teukgongdae Gongnyong-wang Dino,Mini Force: Deeno the King of Dinosaurs,False,val
188824,Mini Teukgongdae: Haembeogeogoemurui Seupgyeok,Mini Force: Raid of Hamburger Monsters,False,val
200641,Haruzora to Akizora,Haruzora to Akizora,False,val
200643,"Kanojo wa Utau, Dakara Boku wa.","Kanojo wa Utau, Dakara Boku wa.",False,val
115853,Jiu Jiu Ba Shi Yi,Jiu Jiu Ba Shi Yi,False,val
117573,Juan Siliang,The Island of Siliang,False,val
120208,Youxia Zhanji,Youxia Zhanji,False,val
121477,Wo Zhen de Meiyong Mie?,Wo Zhen de Meiyong Mie?,False,val
122039,Xi You Ji: Zai Shi Yao Wang,Xi You Ji: Zai Shi Yao Wang,False,val
122043,Huanji 45 Miao,Huanji 45 Miao,False,val
122530,Shui Tun Tang Guan,Shui Tun Tang Guan,False,val
122639,Dou Po Cangqiong 4,Dou Po Cangqiong 4,False,val
122695,Lie Yang Tiandao II,Lie Yang Tiandao II,False,val
126397,Maoling Xiangce,Maoling Xiangce,False,val
126432,Sou Xuan Lu: Chen Ling Ji,Sou Xuan Lu: Chen Ling Ji,False,val
127331,Crayon Shin-chan: Nazo Meki! Hana no Tenkasu Gakuen,Crayon Shin-chan: Nazo Meki! Hana no Tenkasu Gakuen,False,val
128417,Doushi Miao Qitan,Doushi Miao Qitan,False,val
129202,Fanren Xiu Xian Zhuan: Yanjiabao Pu Zhan,Fanren Xiu Xian Zhuan: Yanjiabao Pu Zhan,False,val
129208,Wei Wo Du Shen ,Wei Wo Du Shen ,False,val
129222,Tai Yi Xian Mo Lu: Ling Fei Ji 4,Tai Yi Xian Mo Lu: Ling Fei Ji 4,False,val
129239,Xinghe Zhizun,Supreme Lord of Galaxy,False,val
129540,Ai Zai Xi Yuan Qian 2,Ai Zai Xi Yuan Qian 2,False,val
129571,Bingxue Zhi Yue,Bingxue Zhi Yue,False,val
129600,Seer 11,Seer 11,False,val
129832,Zhen Dao Ge,Zhen Dao Ge,False,val
130439,Zannen na Ikimono Jiten (2021),Zannen na Ikimono Jiten (2021),False,val
130584,DUEL MASTERS King!,DUEL MASTERS King!,False,val
130781,Shimajirou to Sora Tobu Fune,Shimajirou to Sora Tobu Fune,False,val
130941,Shao Shuai Mei Tian Dou Zai Chicu,Shao Shuai Mei Tian Dou Zai Chicu,False,val
130974,Xiuluo Jian Zun,Xiuluo Jian Zun,False,val
130979,Chongsheng Xiangfeng: Gei Ni Wo De Dujia Chong Ni,Chongsheng Xiangfeng: Gei Ni Wo De Dujia Chong Ni,False,val
131009,Chunqiu Feng Shen,Chunqiu Feng Shen,False,val
131015,Ashuai 4,Ashuai 4,False,val
131078,Nitian Xie Shen 2,Nitian Xie Shen 2,False,val
131647,Chao Shikong Kuaidi,Chao Shikong Kuaidi,False,val
131664,Shouji Li de Huanxiong Xiaozhen,Shouji Li de Huanxiong Xiaozhen,False,val
131675,AOTU Shijie Fan Wai Pian,AOTU Shijie Fan Wai Pian,False,val
131826,Eroge de Subete wa Kaiketsu Dekiru! THE ANIMATION,Eroge de Subete wa Kaiketsu Dekiru! THE ANIMATION,True,val
131926,Jin Guang Yu Jiu Jie: Xian Gu Kuang Tao,Jin Guang Yu Jiu Jie: Xian Gu Kuang Tao,False,val
131927,wasimo 9,wasimo 9,False,val
131971,Gudetama: Muhоu Chitai de Jiyuu mo Fujiyuu,Gudetama Freestyle,False,val
131991,Huaguo Shan Zhuan,Huaguo Shan Zhuan,False,val
132300,Otoppe: Papa Don't Cry,Otoppe: Papa Don't Cry,False,val
132312,Hua Jianghu: Gui Yexing Part 2,Hua Jianghu: Gui Yexing Part 2,False,val
132381,Huyao Xiao Hongniang: Yue Hong 2,Huyao Xiao Hongniang: Yue Hong 2,False,val
132444,Shinkai no Survival!,Shinkai no Survival!,False,val
132459,Huangshang Jixiang,Huangshang Jixiang,False,val
132460,Gebi You Zhi Taohua Yao,Gebi You Zhi Taohua Yao,False,val
132461,Jueshi Zhan Hun,Jueshi Zhan Hun,False,val
132468,Over!,Over!,False,val
132470,Jidao Zongshi,Jidao Zongshi,False,val
132471,Qiang Huo Tian Ling,Qiang Huo Tian Ling,False,val
132472,Xianwu Dizun,Xianwu Dizun,False,val
132479,Wei Jin Xiao Juchang,Wei Jin Xiao Juchang,False,val
132516,"Shixiong, Qing An Juben Lai!","Shixiong, Qing An Juben Lai!",False,val
132698,Oshiri Tantei: Sufuure-tou no Himitsu,Oshiri Tantei: Sufuure-tou no Himitsu,False,val
132893,Battle Spirits: Mirage,Battle Spirits: Mirage,False,val
133483,Anette-san to Liliana-san THE ANIMATION,Anette-san to Liliana-san THE ANIMATION,True,val
133774,Jiu Tian Xuan Di Jue,The Success Of Empyrean Xuan Emperor,False,val
135576,Zongyou Yaoguai Xiang Hai Zhen,Zongyou Yaoguai Xiang Hai Zhen,False,val
135864,Tropical-Rouge! Precure: Yuki no Princess to Kiseki no Yubiwa!,Tropical-Rouge! Precure: Yuki no Princess to Kiseki no Yubiwa!,False,val
136049,Chizuru-chan Kaihatsu Nikki,Chizuru-chan Kaihatsu Nikki,True,val
136135,ColoColo Animal Otogibanashi,ColoColo Animal Otogibanashi,False,val
136163,Lianai Shang Shang Qian,Lianai Shang Shang Qian,False,val
136165,Qian Wu Gu Ren,Qian Wu Gu Ren,False,val
136221,Riku wa Yowakunai,Riku wa Yowakunai,False,val
136309,Ling Yun Daima,Ling Yun Daima,False,val
136397,Xiao Hua Da Dianying: Qiji Shaonü,Xiao Hua Da Dianying: Qiji Shaonü,False,val
136452,Kyoto Animation: Souzou-hen,Kyoto Animation: Souzou-hen,False,val
136657,Sansan De Shenghuo Guoran You Wenti,Sansan De Shenghuo Guoran You Wenti,False,val
137678,Renjian Zui Deyi,Renjian Zui Deyi,False,val
137729,Dou Po Cangqiong: San Nian Zhi Yue,Dou Po Cangqiong: San Nian Zhi Yue,False,val
137983,Jia You,Jia You,False,val
138064,Wo Qi Ku Le Baiwan Xiulianzhe,Wo Qi Ku Le Baiwan Xiulianzhe,False,val
138550,Biohazard Village × Ningyou Geki,Biohazard Village × Ningyou Geki,False,val
138658,Cosplay Change: Pure-kei Joshidaisei no Kiken na Seiheki,Cosplay Change: Pure-kei Joshidaisei no Kiken na Seiheki,True,val
139436,Bu Baichi Hua Shanhai Jing,Bu Baichi Hua Shanhai Jing,False,val
139811,Zhen Dao Ge Specials,Zhen Dao Ge Specials,False,val
140101,Benghuai 3: Qian Qishilu,Honkai Impact 3rd - Pre-Revelation,False,val
140252,Hongse Jiangshan: Huangma Fenghuo,Hongse Jiangshan: Huangma Fenghuo,False,val
140363,Shinya Haikai,Wandering Late at Night,False,val
140377,Cogimyun 2nd,Cogimyun 2nd,False,val
140645,Fanren Xiu Xian Zhuan: Modao Zhengfeng,Fanren Xiu Xian Zhuan: Modao Zhengfeng,False,val
140788,Taimanin Shiranui: Inyoku no Dorei Shoufu,Taimanin Shiranui: Inyoku no Dorei Shoufu,True,val
141309,Zhu Dick: Lan Hai Qi Yuan,Zhu Dick: Lan Hai Qi Yuan,False,val
142178,Jian Yu Chuanqi,The Legend of Sword Domain,False,val
142458,SOS! Chao Wei Zhichang Ren,SOS! Chao Wei Zhichang Ren,False,val
142716,Wan Yu Feng Shen,Wan Yu Feng Shen,False,val
146347,Dou Hun Wei Zhi Xuan Yue Qi Yuan 5,Dou Hun Wei Zhi Xuan Yue Qi Yuan 5,False,val
149040,Ooya-san to Boku 3,Ooya-san to Boku 3,False,val
154974,Argonavis Movie: Ryuusei no Obligato,Argonavis Movie: Ryuusei no Obligato,False,val
155201,Shouhu Lian Meng ROY6: Baobao Senlin De Maoxian,Shouhu Lian Meng ROY6: Baobao Senlin De Maoxian,False,val
157074,Etotama: Nyankyaku Banrai - Etotama Pretty Gekijou,Etotama: Nyankyaku Banrai - Etotama Pretty Gekijou,False,val
180850,Ankoku Kazoku Warabi-san,Ankoku Kazoku Warabi-san,False,val
181468,"Kumo no Ue wa Itsumo, Hare","Kumo no Ue wa Itsumo, Hare",False,val
188077,Luna-ui Mabeobdogam,Luna's Magic Class,False,val
188825,Mini Teukgongdae Super Gongnyong Power: Super Dino 7,Mini Teukgongdae Super Gongnyong Power: Super Dino 7,False,val
188826,Mini Teukgongdae Animaltron,Miniforce Animal Tron,False,val
126400,Qian Cong Shou,The Indomitable,False,val
133661,Zhen Dao Ge: Chenshi Xing,Zhen Dao Ge: Chenshi Xing,False,val
133786,Jing Cui Xian Zun,The Tale of The Spirit Stone,False,val
139170,Qi Jie Diyi Xian,Qi Jie Diyi Xian,False,val
139669,Xi Yangyang Yu Hui Tailang: Kuang Chu Weilai,Xi Yangyang Yu Hui Tailang: Kuang Chu Weilai,False,val
140955,Shi Wang Zhe A?,Shi Wang Zhe A?,False,val
142116,Garden: Takamine-ke no Nirinka The Animation,Garden -The Two Flowers of the Takamine Family- THE ANIMATION,True,val
142216,Garugaku. II: Lucky Stars,Garugaku. II: Lucky Stars,False,val
142553,Women De Dong Ao,Women De Dong Ao,False,val
143065,Yamitsuki Mura / Melty Limit The Animation,Yamitsuki Mura / Melty Limit The Animation,True,val
143483,Mao Xian Dong De Shou,Mao Xian Dong De Shou,False,val
143620,Xiao Hu Dun Da Yingxiong,Xiao Hu Dun Da Yingxiong,False,val
144852,Aka-chan Honbuchou 2nd Season,Aka-chan Honbuchou 2nd Season,False,val
145814,Yong Mei,Yong Mei,False,val
145823,Xian Yu Ge Specials,Xian Yu Ge Specials,False,val
146554,Jifeng Jingshe,Jifeng Jingshe,False,val
146887,Nanako Zhichang Da Zuozhan,Nanako Zhichang Da Zuozhan,False,val
149346,Gon De Hanta: Tata Turan Xiangdao 2,Tata's Rainbow Brainstorm 2,False,val
151779,Xiong Chumo: Chongfan Diqiu,Boonie Bears: Back to Earth,False,val
170013,Penetrate Blue: Vapor Trail Another Age 2824,Penetrate Blue: Vapor Trail Another Age 2824,False,val
184374,Jin Shancheng Cai Qiu Hua Hui Yi Shi: 2022 Bainian Ji Dan Pin,Jin Shancheng Cai Qiu Hua Hui Yi Shi: 2022 Bainian Ji Dan Pin,False,val
122522,Huanmeng Shan Hai Yao,Huanmeng Shan Hai Yao,False,test
122531,Hun Hou Richang,Hun Hou Richang,False,test
126369,Ni Zhenshi Ge Tiancai,You're A Genius!,False,test
126394,Hei Men,SWARM,False,test
126402,Shanghai Gushi,Shanghai Gushi,False,test
126439,Shan Hai Juelun,Fairy Mountain,False,test
129250,Shen Ji Long Wei,The Legend of Dragon Soldier,False,test
129251,Shen Mu,Shen Mu,False,test
129652,Xiong Bing Lian 3: Leiting Wan Jun,Xiong Bing Lian 3: Leiting Wan Jun,False,test
133866,Xun Jian,Sword Quest,False,test
134102,Shi Shaoxia Ganjue Hao Gudan,Shi Shaoxia Ganjue Hao Gudan,False,test
136459,Boku wa Chiisana Succubus no Shimobe,Serving the Little Succubus,True,test
137602,Chong Chu Diqiu,Chong Chu Diqiu,False,test
137642,Juedai Shuang Jiao,Juedai Shuang Jiao,False,test
137643,Jiandao Di Yi Xian,Jiandao Di Yi Xian,False,test
137677,Libashanhe Xi Zitang,Libashanhe Xi Zitang,False,test
137679,Mo You Ji,Mo You Ji,False,test
137698,Kaiju Yi Zuo Shan,Kaiju Yi Zuo Shan,False,test
138611,Xi Xing Ji: Qiong Qi Didong,Xi Xing Ji: Qiong Qi Didong,False,test
141873,Xing Yuan Zhi Zhu,Master of the Star Spring,False,test
142549,Crayon Shin-chan: Mononoke Ninja Chinpuuden,Crayon Shinchan the Movie: The Tornado Legend of Ninja Mononoke,False,test
144996,Harem Cult side HAREM,Harem Cult side HAREM,True,test
145069,Raikou Shinki Igis Magia: PANDRA saga 3rd ignition - The Animation,Raikou Shinki Igis Magia: PANDRA saga 3rd ignition - The Animation,True,test
145916,IDOL bu SHOW Movie,IDOL bu SHOW Movie,False,test
146583,Wo Shi Nezha 2: Danao Dong Hai,Wo Shi Nezha 2: Danao Dong Hai,False,test
146648,Tuanzimen De Shiming,Tuanzimen De Shiming,False,test
146741,Pandemic,Pandemic,True,test
146886,Jian Yu Yuanzheng - Insomnia De Naxie Shier,Just Esperia Things,False,test
147212,Wo Kao Chongzhi Dang Wudi,Wo Kao Chongzhi Dang Wudi,False,test
147929,Kisaku Reiwa Ban,Kisaku Reiwa Ban,True,test
148147,Haji+,Haji+,True,test
148334,Xian Mu,Xian Mu,False,test
149071,Fanren Xiu Xian Zhuan: Zai Bie Tiannan,Fanren Xiu Xian Zhuan: Zai Bie Tiannan,False,test
149095,Jidao Long Shen,Jidao Long Shen,False,test
149098,Mahoutsukai Reimeiki × Machikado Mazoku 2-Choume Collab Mini Anime,Mahoutsukai Reimeiki × Machikado Mazoku 2-Choume Collab Mini Anime,False,test
149701,Jian Xian Zaici,Jian Xian Zaici,False,test
149703,Xin Weiqi Shaonian,Xin Weiqi Shaonian,False,test
149810,Shishang Zui Qiang Nan Zhujue,Shishang Zui Qiang Nan Zhujue,False,test
150947,Shaonian Ge Xing: Feng Hua Xue Yue Pian Special,Shaonian Ge Xing: Feng Hua Xue Yue Pian Special,False,test
151018,Tsuma Netori 3: Kairaku ni Ochita Injiru Kyoushi-tachi,Tsuma Netori 3: Kairaku ni Ochita Injiru Kyoushi-tachi,True,test
151313,Yanguang Coffee Ting Zhi Xin You Ji,Yanguang Coffee Ting Zhi Xin You Ji,False,test
151511,Xianwu Cangqiong,Xianwu Heaven,False,test
151634,Si Wuxie,Si Wuxie,False,test
151780,Balala Xiao Moxian: Mofa Xing Yuan Bao,Balala Xiao Moxian: Mofa Xing Yuan Bao,False,test
152488,Mini Shijie: Juexing,Mini Shijie: Juexing,False,test
153200,Fanren Xiu Xian Zhuan: Chu Ru Xing Hai,Fanren Xiu Xian Zhuan: Chu Ru Xing Hai,False,test
153412,Duel Masters WIN,Duel Masters WIN,False,test
153507,Shanhai Jing: Zaijian Gaoshou,Shanhai Jing: Zaijian Gaoshou,False,test
154076,Mesudachi The Animation,Mesudachi The Animation,True,test
154081,Jashin-chan Dropkick X Mame Anime,Jashin-chan Dropkick X Mame Anime,False,test
154173,Nanamental,Nanamental,False,test
154178,"Yuusha, Yamemasu Puchi Hiroma","Yuusha, Yamemasu Puchi Hiroma",False,test
154341,MEE,MEE,False,test
154937,Zhege Nianji Huan Neng Dang Daxia Ma,Zhege Nianji Huan Neng Dang Daxia Ma,False,test
155170,Mama Katsu,Mama Katsu,True,test
155196,Xiaolan He Ta De Pengyou,Xiaolan He Ta De Pengyou,False,test
155199,Miaomiao Ruci Yaorao,Miaomiao Ruci Yaorao,False,test
155200,Shouhu Lian Meng ROY6: Senlin Li De Minini,Shouhu Lian Meng ROY6: Senlin Li De Minini,False,test
155220,Shaonian Bai Ma Zui Chun Feng Part 2,Shaonian Bai Ma Zui Chun Feng Part 2,False,test
155221,Cang Lan Jue Part 2,Cang Lan Jue Part 2,False,test
156189,Jing Cui Xian Zun Part 2,The Tale of The Spirit Stone Part 2,False,test
157181,Wan Jie Zhizun,Wan Jie Zhizun,False,test
158480,Jintian Shao Zhu Bu Zaijia,Jintian Shao Zhu Bu Zaijia,False,test
159453,Fangyu Quan Kai,Fangyu Quan Kai,False,test
162726,UniteUp! Mini Drama,UniteUp! Mini Drama,False,test
165931,Niehime to Kemono no Ou Mini Anime,Niehime to Kemono no Ou Mini Anime,False,test
166049,Kiyoneko,Kiyoneko,False,test
168564,ROLY POLY PEOPLES,ROLY POLY PEOPLES,False,test
169767,Menghuan Shuyuan Zhi Guojia Anquan Pian,Menghuan Shuyuan Zhi Guojia Anquan Pian,False,test
181831,Madtoy Chatty,Madtoy Chatty,False,test
182545,Aware! Meisaku-kun: Ryuuguuchuu-hen,Aware! Meisaku-kun: Ryuuguuchuu-hen,False,test
187219,wasimo Special: Chikyuu no Mirai wo Sukue! Washimo vs Washija,wasimo Special: Chikyuu no Mirai wo Sukue! Washimo vs Washija,False,test
187775,Alchemy Stars: 1.5 Shuunen Kinen Douga,Alchemy Stars: 1.5 Shuunen Kinen Douga,False,test
188065,RESCUE Tayo,RESCUE Tayo,False,test
188827,Mini Teukgongdae V Rangers,Miniforce V Rangers,False,test
122585,Wu Shan Wu Xing: Xi Chuan Huan Zi Lin,Wu Shan Wu Xing: Xi Chuan Huan Zi Lin,False,test
129246,Bu Mie Shen Wang,The Rich God,False,test
134095,Nitian Xie Shen (2023),Nitian Xie Shen (2023),False,test
134099,Shu Tian Fu Mo Lu,The Guardian Legend,False,test
137641,Jiuzhou Piaomiao Lu,Novoland: Eagle Flag,False,test
137665,Mo Zhuang Chuanshuo,Mo Zhuang Chuanshuo,False,test
137684,Gei Wo Lai Ge Xiao Heshang,Gei Wo Lai Ge Xiao Heshang,False,test
137715,Wu Shuang Shu,Wu Shuang Shu,False,test
138612,Xi Xing Ji: Anying Mo Cheng,Xi Xing Ji: Anying Mo Cheng,False,test
141860,Huoxing Xi Lu 7 Hao,No.7 West Mars Street,False,test
141868,Feng Ling Yu Xiu 2,Soulmate Adventure S2,False,test
141872,Wulin Buer Zhoukan,Wulin Buer Zhoukan,False,test
141880,Wo Jia Da Shixiong Youdian Kaopu,Wo Jia Da Shixiong Youdian Kaopu,False,test
141892,Yi Kong Zhan Ge,Thrud,False,test
147511,Wu Geng Ji 4 Part 2,Wu Geng Ji 4 Part 2,False,test
153632,Mark Your Kiss The Animation,Mark Your Kiss The Animation,True,test
155302,Zhen Yang Wushen,Zhen Yang Wushen,False,test
156062,Fanren Xiu Xian Zhuan: Xinghai Feichi,Fanren Xiu Xian Zhuan: Xinghai Feichi,False,test
156083,Ta Bu Dang Nüzhu Hen Duonian,Since I Wasn’t the Heroine,False,test
156162,Yari Agari,Yari Agari,True,test
157631,Majo wa Kekkyoku Sono Kyaku to... The Animation,"In The End, The Witch And Her Customer... The Animation",True,test
158640,Sakuretsu! Amabie-hime. Season2,Sakuretsu! Amabie-hime. Season2,False,test
159869,Wei Jiang,Wei Jiang,False,test
160147,Wo Shi Xuexiao Weiyi De Renlei,Wo Shi Xuexiao Weiyi De Renlei,False,test
160701,Kokuhaku...,Kokuhaku...,True,test
163256,Duel Masters WIN: Duel Wars,Duel Masters WIN: Duel Wars,False,test
163363,Pole Princess!! Movie,Pole Princess!! Movie,False,test
164239,so_low,so_low,True,test
164297,Tanetsuke Oji-san to NTR Hitozuma Sex,Tanetsuke Oji-san to NTR Hitozuma Sex,True,test
164298,Tanetsuke Oji-san to Papakko JD Saimin Seikatsu The Animation,Tanetsuke Oji-san to Papakko JD Saimin Seikatsu The Animation,True,test
166050,Iya na Kao sare nagara Opantsu Misete Moraitai ver 3.0,Iya na Kao sare nagara Opantsu Misete Moraitai ver 3.0,False,test
166053,Akebi-chan 100 man-bu,Akebi-chan 100 man-bu,False,test
166059,Ao no Orchestra 5-bu de Tanoshii Kurashikku,Ao no Orchestra 5-bu de Tanoshii Kurashikku,False,test
166217,Bai Lian Feisheng Lu,Bai Lian Feisheng Lu,False,test
166220,Nitian Zhan Ji,The Rise of the Weak,False,test
166221,Qing Lian Jian Xian Zhuan,Qing Lian Jian Xian Zhuan,False,test
166324,Shashou Good,Shashou Good,False,test
166404,Ban Shen Zhi Jing,Ban Shen Zhi Jing,False,test
166461,Kozukuri Ninkatsu-bu!,Kozukuri Ninkatsu-bu!,True,test
166609,Junjou Decamelon,Junjou Decamelon,True,test
166996,Tsuma Netori Kan: Bijutsu Kyoushi no Baai,Tsuma Netori Kan: Bijutsu Kyoushi no Baai,True,test
167473,Mihitsu no Koi,Ambivalent Love,True,test
168538,Shijoku Zukushi,Big Sister Humiliation,True,test
169087,Ayagashima Kankou Annai,Ayagashima Kankou Annai,False,test
169516,Shin Shinka no Mi Gekijou: Tokubetsu-hen,Shin Shinka no Mi Gekijou: Tokubetsu-hen,False,test
169683,Shunka Shuutou,Shunka Shuutou,True,test
169750,Shangri-La Frontier Mini Anime,Shangri-La Frontier Mini Anime,False,test
169830,Yinhe Zhi Xin Fan Wai Pian: Yi Bian,Yinhe Zhi Xin Fan Wai Pian: Yi Bian,False,test
169910,"Yowai 5000-nen no Soushoku Dragon, Iwarenaki Jaryuu Nintei: Chokotto","Yowai 5000-nen no Soushoku Dragon, Iwarenaki Jaryuu Nintei: Chokotto",False,test
169966,I.CINNAMOROLL Animation,I.CINNAMOROLL Animation,False,test
170511,Sumikko Gurashi: Sorairo no Mainichi,Sumikko Gurashi: Sorairo no Mainichi,False,test
170657,Jinyi Shen Jiag,Jinyi Shen Jiag,False,test
170658,Waluolan Xiao Zhen,Waluolan Xiao Zhen,False,test
171403,Fanren Xiu Xian Zhuan: Xinghai Feichi Prologue,Fanren Xiu Xian Zhuan: Xinghai Feichi Prologue,False,test
171601,Sakigake!! Reiwa no Otokojuku,Sakigake!! Reiwa no Otokojuku,False,test
174706,Dan Dao Zhizun,Dan Dao Zhizun,False,test
174708,Tai Yi Jian Xian Zhuan,The Legend of the Taiyi Sword Immortal,False,test
174709,Quan Zhi Ming,The Dog's Tea,False,test
174981,Yi Nian Yongheng: Zhizi Pian,Yi Nian Yongheng: Zhizi Pian,False,test
175152,Sore Ike! Anpanman: Roboly to Pokapoka Present,Sore Ike! Anpanman: Roboly to Pokapoka Present,False,test
175646,Chang'An ,Chang'An ,False,test
176858,"Tearmoon Teikoku Monogatari: Dantoudai kara Hajimaru, Hime no Tensei Gyakuten Story Mini Anime","Tearmoon Teikoku Monogatari: Dantoudai kara Hajimaru, Hime no Tensei Gyakuten Story Mini Anime",False,test
176864,Xing Qia Meng Shao Nu 1 Hua Yu Bi Ji,Shining Cardsprites,False,test
179873,Monster Strike Anime: Masamune - Shimei no Akaki Yaiba,Monster Strike Anime: Masamune - Shimei no Akaki Yaiba,False,test
183472,Nui Story,Nui Story,False,test
184292,Uri Veranda-eseo Mannayo,Uri Veranda-eseo Mannayo,False,test
185463,Artiswitch: Ruru's Episodes of Memories,Artiswitch: Ruru's Episodes of Memories,False,test
188828,Choeganggyeongchal Mini Teukgongdae,Miniforce Super Cops,False,test
193467,Dinoster: Gongnyongsuhodae ,Quantum Heroes Dinoster,False,test
199478,Gasonshi!!: Esper Shoujo to Ninja no Abiko Monogatari,Gasonshi!!: Esper Shoujo to Ninja no Abiko Monogatari,False,test
199796,Samishii Anata,Samishii Anata,False,test
204544,Heart Cocktail Colorful: Haru-hen,Heart Cocktail Colorful: Haru-hen,False,test
204545,Heart Cocktail Colorful: Natsu-hen,Heart Cocktail Colorful: Natsu-hen,False,test
204547,Heart Cocktail Colorful: Fuyu-hen,Heart Cocktail Colorful: Fuyu-hen,False,test
206146,Zhongguo Jingqi Xiansheng (2023),Zhongguo Jingqi Xiansheng (2023),False,test
206159,Balala Xiao Mo Xian: Xing Yuan Die Qi 2,Balala Xiao Mo Xian: Xing Yuan Die Qi 2,False,test
124118,Denglong Dao,Denglong Dao,False,test
124343,Erlang Shen: Shenhai Jialong,Erlang Shen: Shenhai Jialong,False,test
129770,Yun Zhong Ju San Zi,Yun Zhong Ju San Zi,False,test
131791,Xi Yangyang Yu Hui Tailang Zhi Shouhu,Pleasant Goat and Big Big Wolf: The World Guardians,False,test
137647,Taiping Tianshu: Jiang Hun Juexing,Taiping Tianshu: Jiang Hun Juexing,False,test
137649,Fengyun Bian,Fengyun Bian,False,test
137673,Yuan Zun,Yuan Zun,False,test
137699,Biaozhun Guige Zhanshi,Biaozhun Guige Zhanshi,False,test
137708,Xiao Bing Chuanqi,Xiao Bing Chuanqi,False,test
137802,Baise Shandian,Baise Shandian,False,test
143560,Bajie Zhi Tian Peng Xiajie,Bajie Zhi Tian Peng Xiajie,False,test
149025,Dayu,Dayu,False,test
153471,Juedai Shuang Jiao: Tian Wai You Tian,Juedai Shuang Jiao: Tian Wai You Tian,False,test
153472,Tian Ying,Tian Ying,False,test
155154,Tsuma wo Dousoukai ni Ikasetara,Tsuma wo Dousoukai ni Ikasetara,True,test
155315,Jin Can Wangshi,Jin Can Wangshi,False,test
166411,Jian Xian Zaici 2,Jian Xian Zaici 2,False,test
166414,Tianting Banzhuan Xia,Tianting Banzhuan Xia,False,test
166416,Shen Wu Tianzun,Shen Wu Tianzun,False,test
166454,Jiadao Zhong Er,Jiadao Zhong Er,False,test
166511,Xiongshi Shaonian 2,Xiongshi Shaonian 2,False,test
168081,Quanzhi Fashi Special: Shenmi Weituo,Quanzhi Fashi Special: Shenmi Weituo,False,test
168178,Kaiju Yi Zuo Shan 2,Kaiju Yi Zuo Shan 2,False,test
168240,San Xiu Zhi Wang,San Xiu Zhi Wang,False,test
170297,Konomi ja Nai kedo: Mukatsuku Ane to Aishou Batsugun Ecchi,Konomi ja Nai kedo: Mukatsuku Ane to Aishou Batsugun Ecchi,True,test
170599,Fleur The Animation,Fleur The Animation,True,test
172399,Ojisan de Umeru Ana The Animation,Ojisan de Umeru Ana The Animation,True,test
172976,Shimajirou Miracle-jima no Nanairo Carnation,Shimajirou Miracle-jima no Nanairo Carnation,False,test
174128,Chikomaru,Chikomaru,False,test
174718,Taigu Xing Shen Jue,The Secrets of Star Divine Arts,False,test
174912,Dokonjou Gaeru Yanen,Dokonjou Gaeru Yanen,False,test
174913,Kagaku×Bouken Survival!,Kagaku×Bouken Survival!,False,test
174916,Haramaseya THE ANIMATION,Haramaseya THE ANIMATION,True,test
175033,Ima wa Shourai ni Hairimasu ka.,Ima wa Shourai ni Hairimasu ka.,False,test
175034,Dubu Wangu 2nd Season,Dubu Wangu 2nd Season,False,test
175052,Aishang Ta de Liyou Extra,Aishang Ta de Liyou Extra,False,test
175248,Shuumatsu Hospital,Shuumatsu Hospital,True,test
175473,Duel Masters LOST:  Tsuioku no Suishou,Duel Masters LOST:  Tsuioku no Suishou,False,test
176328,Sefure no Senpai THE ANIMATION,Sefure no Senpai THE ANIMATION,True,test
176395,Yarakashi,Yarakashi,True,test
176396,Gobaku: Moe Mama Tsurezure,Gobaku: Moe Mama Tsurezure,True,test
176489,Natsu ga Owaru made: Natsu no Owari The Animation,Natsu ga Owaru made: Natsu no Owari The Animation,True,test
176634,Duel Masters Special Movie: DO-KA,Duel Masters Special Movie: DO-KA,False,test
177148,Ikimono-san: Hitsuji no Kai,Ikimono-san: Hitsuji no Kai,False,test
177177,Arknights: 2024 Tebie Jinian Donghua,Arknights: 2024 Tebie Jinian Donghua,False,test
177376,Tsuma Netori Rei: Boku no Ayamachi Kanojo no Sentaku,Tsuma Netori Rei: Boku no Ayamachi Kanojo no Sentaku,True,test
177439,Harutsugeuo to Fuuraibou,Harutsugeuo to Fuuraibou,False,test
177464,Granblue Fantasy: 10th Anniversary Movie,Granblue Fantasy: 10th Anniversary Movie,False,test
177494,Yong Sheng 3,Yong Sheng 3,False,test
177798,Nyaaaanvy,Nyaaaanvy,False,test
178351,Yao Shen Ji 8,Yao Shen Ji 8,False,test
179839,Feng Ling Yu Xiu 2nd Season: Tebie Pian,Feng Ling Yu Xiu 2nd Season: Tebie Pian,False,test
179844,Yong Sheng 4,Yong Sheng 4,False,test
180064,ICHINAN ,Undertaker,False,test
180533,Bishoku-ka no Rule,Bishoku-ka no Rule,True,test
180947,Transformers 40th Shuunen Kinen Special Movie,Transformers 40th Anniversary Special Movie,False,test
181179,Sarangui Heartsping,Sarangui Heartsping,False,test
181833,Bai Lian Feisheng Lu 2nd Season,Bai Lian Feisheng Lu 2nd Season,False,test
182094,Onii-san... Ohitori desu ka?,Onii-san... Ohitori desu ka?,True,test
182555,Wo De San Ti 4th Season,Wo De San Ti 4th Season,False,test
182563,Wanmei Shijie Movie: Huo Zhi Huijin,Wanmei Shijie Movie: Huo Zhi Huijin,False,test
182772,Pochars,Pochars,False,test
183157,Xianwu Zhuan 3,Xianwu Zhuan 3,False,test
183158,Yishi Du Zun 2nd Season,Yishi Du Zun 2nd Season,False,test
184099,Agent Blue,Agent Blue,False,test
184288,Kazuhiho to Marie no Youkoso Kitchen.,Kazuhiho to Marie no Youkoso Kitchen.,False,test
185117,Luo Fanchen,Into The Mortal World,False,test
185281,Gomu wo Tsukete to Iimashita yo ne...,Gomu wo Tsukete to Iimashita yo ne...,True,test
185538,Dokodemo Makibao,Dokodemo Makibao,False,test
185539,Alps no Roujin Heidi no Ojii-san,Alps no Roujin Heidi no Ojii-san,False,test
185720,Wan Jie Du Zun 3,Wan Jie Du Zun 3,False,test
185726,Quanzhi Gaoshou: Rongyao Xiao Juchang,Quanzhi Gaoshou: Rongyao Xiao Juchang,False,test
185728,Tudi Ge Ge Shi Da Lao,Tudi Ge Ge Shi Da Lao,False,test
185794,Shendao Dizun,Shendao Dizun,False,test
185796,Xian Ji Xun Zong,Xian Ji Xun Zong,False,test
185860,Renjian Zui Deyi 2,Renjian Zui Deyi 2,False,test
186756,"Hajime Mashita, Yamaneko Iin","Hajime Mashita, Yamaneko Iin",False,test
186758,Wanjie Zhuzai,Lord of Wonderlands,False,test
187121,Ai no Yakusoku,The Boy and the Witch,False,test
187833,Jiaonang Jihua Yingxiong,Jiaonang Jihua Yingxiong,False,test
193469,Shushan Qi Xian Lu Part 2,Shushan Qi Xian Lu Part 2,False,test
195890,Guangying Tian Yan Zhan Jia,Guangying Tian Yan Zhan Jia,False,test
199412,Fuji Lieren,Fuji Lieren,False,test
199795,Enjou Bokumetsu! Mahou Shoujo Aiko,Enjou Bokumetsu! Mahou Shoujo Aiko,False,test
202422,Monster Strike Elle: Daten no Kakusei,Monster Strike Elle: Daten no Kakusei,False,test
124117,Huangshen Lu Zhi Linglong Shan,The Ruins of Kunlun Linglong,False,test
137681,Xi Xing Ji: Da Yuan Hun,Xi Xing Ji: Da Yuan Hun,False,test
137716,"Zaixia ""Yingtai""","Zaixia ""Yingtai""",False,test
153467,Xian Jian Qi Xia Zhuan 3,Xian Jian Qi Xia Zhuan 3,False,test
166415,Fengwu Yao Chu,Fengwu Yao Chu,False,test
166417,Da Tang Chengfeng Lu,Da Tang Chengfeng Lu,False,test
183602,Kanojo Face THE ANIMATION,Kanojo Face THE ANIMATION,True,test
184824,Yuusha-chan no Bouken wa Owatte Shimatta!,Yuusha-chan no Bouken wa Owatte Shimatta!,True,test
185121,Xian Ni Movie: Shenlin Zhi Zhan,Renegade Immortal: Battle of Gods,False,test
185166,"Akogare no Onna Joushi ga, Aibeya Shucchou no Tonari no Bed de Zetsurin Otoko ni Netorarete Iru","Akogare no Onna Joushi ga, Aibeya Shucchou no Tonari no Bed de Zetsurin Otoko ni Netorarete Iru",True,test
185537,Crayon Shin-chan: Chou Karei! Shakunetsu no Kasukabe Dancers,Crayon Shin-chan: Chou Karei! Shakunetsu no Kasukabe Dancers,False,test
185779,Hametsu no Yuuwaku,Hametsu no Yuuwaku,True,test
185898,Galaxy Apartment★Cosmo Hills,Galaxy Apartment★Cosmo Hills,False,test
185900,Hoshi no Kodomo to Hajimari no Ki,Hoshi no Kodomo to Hajimari no Ki,False,test
186308,Amai Ijiwaru,Amai Ijiwaru,True,test
186935,Dragon Heart: Reikai Tanbouki,Dragon Heart: Reikai Tanbouki,False,test
187380,"ONE PIECE: Original Episode/Luffy, Law","ONE PIECE: Original Episode/Luffy, Law",False,test
187596,AnimeCanvas Concept Movie,AnimeCanvas Concept Movie,False,test
188131,Chikuwa Senki: Ore no Kawaii de Chikyuu Shinryaku ,Chikuwa Senki: Ore no Kawaii de Chikyuu Shinryaku ,False,test
188830,Choeganggongnyong Mini Teukgongdae,Miniforce: Dinoid,False,test
188884,Sumikko Gurashi: Koko ga Ochitsukun Desu,Sumikko Gurashi: Koko ga Ochitsukun Desu,False,test
189576,The Star Seekers Hoshi wo Ou Shounen-tachi,The Star Seekers Hoshi wo Ou Shounen-tachi,False,test
191976,Cang Lan Jue 2,Cang Lan Jue 2,False,test
193238,Gakkou de wa Oshiete Kurenai Taisetsu na Koto,Gakkou de wa Oshiete Kurenai Taisetsu na Koto,False,test
193347,Shachiku Cinderella,Shachiku Cinderella,True,test
194033,Dotori Munhwasenteo,Dotori Munhwasenteo,False,test
194712,Nukitashi THE ANIMATION OVAs,Nukitashi THE ANIMATION OVAs,True,test
195034,Korette Naani?,Korette Naani?,True,test
195885,Shixiong A Shixiong Nian Fan 2,Shixiong A Shixiong Nian Fan 2,False,test
195887,Zhege Nianji Huan Neng Dang Daxia Ma 2nd Season,Zhege Nianji Huan Neng Dang Daxia Ma 2nd Season,False,test
196115,Golden Kamuy: Sapporo Beer Koujou-hen,Golden Kamuy: Sapporo Beer Koujou-hen,False,test
196547,H na Gishi Series The Animation,H na Gishi Series The Animation,True,test
198046,Do S na Pet,Do S na Pet,True,test
198408,Chikyuu no Latair,Chikyuu no Latair,False,test
198704,Wangu Jian Di,Wangu Jian Di,False,test
198748,Tianming Dashenhuang,Tianming Dashenhuang,False,test
198921,Sylvanian Families: Freya no Wonder Days,Sylvanian Families: Freya no Wonder Days,False,test
199162,Cool de M,Cool de M,True,test
199439,Jian Wang 3: Shen Jianxin de 365 Tian,The Man From Dao Xiang Cun,False,test
201151,THE LENTICULARS,THE LENTICULARS,False,test
201974,Kegareboshi Ao,Kegareboshi Ao,True,test
201975,Kegareboshi Aka,Kegareboshi Aka,True,test
206154,Qiyun Dantian: Kaiju Qiandao Zhizun Dantian,Qiyun Dantian: Kaiju Qiandao Zhizun Dantian,False,test
